{
  "project_info": {
    "project_number": "825601011628",
    "project_id": "rapid-project-fcfc3",
    "storage_bucket": "rapid-project-fcfc3.appspot.com"
  },
  "client": [
    {
      "client_info": {
        "mobilesdk_app_id": "1:825601011628:android:ab6f9eb840a86a723c1409",
        "android_client_info": {
          "package_name": "com.example.footware_admin"
        }
      },
      "oauth_client": [],
      "api_key": [
        {
          "current_key": "AIzaSyAnkrFbuqzLOUwWpnJ79BpSJe52YazxVSw"
        }
      ],
      "services": {
        "appinvite_service": {
          "other_platform_oauth_client": []
        }
      }
    },
    {
      "client_info": {
        "mobilesdk_app_id": "1:825601011628:android:b1a42604311753b03c1409",
        "android_client_info": {
          "package_name": "com.example.footware_client"
        }
      },
      "oauth_client": [],
      "api_key": [
        {
          "current_key": "AIzaSyAnkrFbuqzLOUwWpnJ79BpSJe52YazxVSw"
        }
      ],
      "services": {
        "appinvite_service": {
          "other_platform_oauth_client": []
        }
      }
    }
  ],
  "configuration_version": "1"
}